VEHICLE_REGISTRATION;5000000000;veh_0;[CarSendsCamAPP, EventProcessingApp, MainCarApp];Car
VEHICLE_REGISTRATION;5000000000;veh_1;[CarSendsCamAPP, EventProcessingApp, MainCarApp];Car_0
VEHICLE_UPDATES;7000000000;veh_0;41.00657402997151;-8.64239622791148;6.261728133043377;180.14766920786022
VEHICLE_UPDATES;7000000000;veh_1;41.004649667443175;-8.643989233860765;7.644975192429484;90.16591395568926
VEHICLE_UPDATES;8000000000;veh_0;41.00651900844656;-8.642396754251664;6.108390218407019;180.19124020941587
VEHICLE_UPDATES;8000000000;veh_1;41.00464923442768;-8.643907263210693;6.894913034913117;90.16591395568926
VEHICLE_UPDATES;9000000000;veh_0;41.00645607731715;-8.642397371753976;6.986509323740481;180.19124020941547
VEHICLE_UPDATES;9000000000;veh_1;41.004648753240666;-8.643816186544665;7.660860359649161;90.16591395568926
VEHICLE_UPDATES;10000000000;veh_0;41.00639409481815;-8.642397979946418;6.881193879494546;180.19124020941547
VEHICLE_UPDATES;10000000000;veh_1;41.0046482993676;-8.643730292207232;7.224951970441253;90.16591395568926
